{"cameraMode":{"drawMode":0,"name":"Shaded","section":"Shading Mode"},"sceneLighting":false,"audioPlay":false,"sceneViewState":{"m_AlwaysRefresh":false,"showFog":true,"showSkybox":false,"showFlares":true,"showImageEffects":true,"showParticleSystems":true,"showVisualEffectGraphs":true,"m_FxEnabled":true},"in2DMode":false,"pivot":{"x":0.6378219723701477,"y":-1.0244712829589844,"z":-0.05102306604385376},"rotation":{"x":0.008996952325105667,"y":0.02549620345234871,"z":-0.0002294720761710778,"w":0.9996342658996582},"size":0.6751207113265991,"orthographic":false}